{
  "model_name": "ensemble_llm [hard]",
  "n_samples": 200,
  "macro_f1": 0.6013729498886919,
  "weighted_f1": 0.7456873154331924,
  "macro_precision": 0.8110778224333212,
  "macro_recall": 0.5255166339621663,
  "accuracy": 0.775,
  "confusion_matrix": [
    [
      13,
      12,
      0,
      0,
      2
    ],
    [
      2,
      125,
      0,
      1,
      1
    ],
    [
      0,
      4,
      3,
      0,
      0
    ],
    [
      2,
      11,
      0,
      4,
      1
    ],
    [
      0,
      9,
      0,
      0,
      10
    ]
  ],
  "labels_order": [
    "feat",
    "fix",
    "docs",
    "refactor",
    "test"
  ],
  "per_class": {
    "feat": {
      "precision": 0.7647058823529411,
      "recall": 0.48148148148148145,
      "f1-score": 0.5909090909090909,
      "support": 27.0
    },
    "fix": {
      "precision": 0.7763975155279503,
      "recall": 0.9689922480620154,
      "f1-score": 0.8620689655172413,
      "support": 129.0
    },
    "docs": {
      "precision": 1.0,
      "recall": 0.42857142857142855,
      "f1-score": 0.6,
      "support": 7.0
    },
    "refactor": {
      "precision": 0.8,
      "recall": 0.2222222222222222,
      "f1-score": 0.34782608695652173,
      "support": 18.0
    },
    "test": {
      "precision": 0.7142857142857143,
      "recall": 0.5263157894736842,
      "f1-score": 0.6060606060606061,
      "support": 19.0
    },
    "accuracy": 0.775,
    "macro avg": {
      "precision": 0.8110778224333212,
      "recall": 0.5255166339621663,
      "f1-score": 0.6013729498886919,
      "support": 200.0
    },
    "weighted avg": {
      "precision": 0.7788688344903179,
      "recall": 0.775,
      "f1-score": 0.7456873154331924,
      "support": 200.0
    }
  }
}