{
  "model_name": "ensemble_llm [weighted]",
  "n_samples": 200,
  "macro_f1": 0.5944803666542797,
  "weighted_f1": 0.7389067261241175,
  "macro_precision": 0.6370409452436328,
  "macro_recall": 0.5843931534262012,
  "accuracy": 0.755,
  "confusion_matrix": [
    [
      15,
      8,
      0,
      1,
      3
    ],
    [
      2,
      115,
      1,
      4,
      7
    ],
    [
      0,
      3,
      4,
      0,
      0
    ],
    [
      2,
      10,
      1,
      3,
      2
    ],
    [
      0,
      5,
      0,
      0,
      14
    ]
  ],
  "labels_order": [
    "feat",
    "fix",
    "docs",
    "refactor",
    "test"
  ],
  "per_class": {
    "feat": {
      "precision": 0.7894736842105263,
      "recall": 0.5555555555555556,
      "f1-score": 0.6521739130434783,
      "support": 27.0
    },
    "fix": {
      "precision": 0.8156028368794326,
      "recall": 0.8914728682170543,
      "f1-score": 0.8518518518518519,
      "support": 129.0
    },
    "docs": {
      "precision": 0.6666666666666666,
      "recall": 0.5714285714285714,
      "f1-score": 0.6153846153846154,
      "support": 7.0
    },
    "refactor": {
      "precision": 0.375,
      "recall": 0.16666666666666666,
      "f1-score": 0.23076923076923078,
      "support": 18.0
    },
    "test": {
      "precision": 0.5384615384615384,
      "recall": 0.7368421052631579,
      "f1-score": 0.6222222222222222,
      "support": 19.0
    },
    "accuracy": 0.755,
    "macro avg": {
      "precision": 0.6370409452436328,
      "recall": 0.5843931534262012,
      "f1-score": 0.5944803666542797,
      "support": 200.0
    },
    "weighted avg": {
      "precision": 0.7408799566428346,
      "recall": 0.755,
      "f1-score": 0.7389067261241175,
      "support": 200.0
    }
  }
}