{
  "model_name": "llama3.2:3b-instruct-q4_K_M [rag]",
  "n_samples": 200,
  "macro_f1": 0.278707196924186,
  "weighted_f1": 0.44966814850414516,
  "macro_precision": 0.3453982300884956,
  "macro_recall": 0.3207307674871934,
  "accuracy": 0.425,
  "confusion_matrix": [
    [
      20,
      6,
      0,
      0,
      1
    ],
    [
      70,
      57,
      1,
      0,
      1
    ],
    [
      5,
      2,
      0,
      0,
      0
    ],
    [
      9,
      9,
      0,
      0,
      0
    ],
    [
      9,
      2,
      0,
      0,
      8
    ]
  ],
  "labels_order": [
    "feat",
    "fix",
    "docs",
    "refactor",
    "test"
  ],
  "per_class": {
    "feat": {
      "precision": 0.17699115044247787,
      "recall": 0.7407407407407407,
      "f1-score": 0.2857142857142857,
      "support": 27.0
    },
    "fix": {
      "precision": 0.75,
      "recall": 0.4418604651162791,
      "f1-score": 0.5560975609756098,
      "support": 129.0
    },
    "docs": {
      "precision": 0.0,
      "recall": 0.0,
      "f1-score": 0.0,
      "support": 7.0
    },
    "refactor": {
      "precision": 0.0,
      "recall": 0.0,
      "f1-score": 0.0,
      "support": 18.0
    },
    "test": {
      "precision": 0.8,
      "recall": 0.42105263157894735,
      "f1-score": 0.5517241379310345,
      "support": 19.0
    },
    "accuracy": 0.425,
    "macro avg": {
      "precision": 0.3453982300884956,
      "recall": 0.3207307674871934,
      "f1-score": 0.278707196924186,
      "support": 200.0
    },
    "weighted avg": {
      "precision": 0.5836438053097346,
      "recall": 0.425,
      "f1-score": 0.44966814850414516,
      "support": 200.0
    }
  }
}