{
  "model_name": "phi3.5:3.8b-mini-instruct-q4_K_M [json_mode]",
  "n_samples": 200,
  "macro_f1": 0.43734591397761313,
  "weighted_f1": 0.47759386843881424,
  "macro_precision": 0.49333786245070543,
  "macro_recall": 0.4919067695077487,
  "accuracy": 0.43,
  "confusion_matrix": [
    [
      14,
      2,
      1,
      7,
      3
    ],
    [
      15,
      48,
      0,
      61,
      5
    ],
    [
      1,
      3,
      3,
      0,
      0
    ],
    [
      3,
      1,
      0,
      12,
      2
    ],
    [
      0,
      4,
      1,
      5,
      9
    ]
  ],
  "labels_order": [
    "feat",
    "fix",
    "docs",
    "refactor",
    "test"
  ],
  "per_class": {
    "feat": {
      "precision": 0.42424242424242425,
      "recall": 0.5185185185185185,
      "f1-score": 0.4666666666666667,
      "support": 27.0
    },
    "fix": {
      "precision": 0.8275862068965517,
      "recall": 0.37209302325581395,
      "f1-score": 0.5133689839572193,
      "support": 129.0
    },
    "docs": {
      "precision": 0.6,
      "recall": 0.42857142857142855,
      "f1-score": 0.5,
      "support": 7.0
    },
    "refactor": {
      "precision": 0.1411764705882353,
      "recall": 0.6666666666666666,
      "f1-score": 0.23300970873786409,
      "support": 18.0
    },
    "test": {
      "precision": 0.47368421052631576,
      "recall": 0.47368421052631576,
      "f1-score": 0.47368421052631576,
      "support": 19.0
    },
    "accuracy": 0.43,
    "macro avg": {
      "precision": 0.49333786245070543,
      "recall": 0.4919067695077487,
      "f1-score": 0.43734591397761313,
      "support": 200.0
    },
    "weighted avg": {
      "precision": 0.6697717130739442,
      "recall": 0.43,
      "f1-score": 0.47759386843881424,
      "support": 200.0
    }
  }
}