{
  "model_name": "phi3.5:3.8b-mini-instruct-q4_K_M [rag]",
  "n_samples": 200,
  "macro_f1": 0.5422014981070099,
  "weighted_f1": 0.6700410028362783,
  "macro_precision": 0.5484,
  "macro_recall": 0.5428228193222073,
  "accuracy": 0.67,
  "confusion_matrix": [
    [
      17,
      8,
      0,
      1,
      1
    ],
    [
      13,
      99,
      2,
      11,
      4
    ],
    [
      0,
      3,
      4,
      0,
      0
    ],
    [
      3,
      10,
      0,
      3,
      2
    ],
    [
      3,
      5,
      0,
      0,
      11
    ]
  ],
  "labels_order": [
    "feat",
    "fix",
    "docs",
    "refactor",
    "test"
  ],
  "per_class": {
    "feat": {
      "precision": 0.4722222222222222,
      "recall": 0.6296296296296297,
      "f1-score": 0.5396825396825397,
      "support": 27.0
    },
    "fix": {
      "precision": 0.792,
      "recall": 0.7674418604651163,
      "f1-score": 0.7795275590551181,
      "support": 129.0
    },
    "docs": {
      "precision": 0.6666666666666666,
      "recall": 0.5714285714285714,
      "f1-score": 0.6153846153846154,
      "support": 7.0
    },
    "refactor": {
      "precision": 0.2,
      "recall": 0.16666666666666666,
      "f1-score": 0.18181818181818182,
      "support": 18.0
    },
    "test": {
      "precision": 0.6111111111111112,
      "recall": 0.5789473684210527,
      "f1-score": 0.5945945945945946,
      "support": 19.0
    },
    "accuracy": 0.67,
    "macro avg": {
      "precision": 0.5484,
      "recall": 0.5428228193222073,
      "f1-score": 0.5422014981070099,
      "support": 200.0
    },
    "weighted avg": {
      "precision": 0.6739788888888889,
      "recall": 0.67,
      "f1-score": 0.6700410028362783,
      "support": 200.0
    }
  }
}