{
  "model_name": "qwen2.5-coder:3b [rag]",
  "n_samples": 200,
  "macro_f1": 0.5638625693555271,
  "weighted_f1": 0.7190098164746052,
  "macro_precision": 0.7103772887454103,
  "macro_recall": 0.49671206439872295,
  "accuracy": 0.74,
  "confusion_matrix": [
    [
      13,
      9,
      0,
      4,
      1
    ],
    [
      2,
      120,
      0,
      5,
      2
    ],
    [
      0,
      4,
      3,
      0,
      0
    ],
    [
      2,
      12,
      0,
      4,
      0
    ],
    [
      0,
      10,
      0,
      1,
      8
    ]
  ],
  "labels_order": [
    "feat",
    "fix",
    "docs",
    "refactor",
    "test"
  ],
  "per_class": {
    "feat": {
      "precision": 0.7647058823529411,
      "recall": 0.48148148148148145,
      "f1-score": 0.5909090909090909,
      "support": 27.0
    },
    "fix": {
      "precision": 0.7741935483870968,
      "recall": 0.9302325581395349,
      "f1-score": 0.8450704225352113,
      "support": 129.0
    },
    "docs": {
      "precision": 1.0,
      "recall": 0.42857142857142855,
      "f1-score": 0.6,
      "support": 7.0
    },
    "refactor": {
      "precision": 0.2857142857142857,
      "recall": 0.2222222222222222,
      "f1-score": 0.25,
      "support": 18.0
    },
    "test": {
      "precision": 0.7272727272727273,
      "recall": 0.42105263157894735,
      "f1-score": 0.5333333333333333,
      "support": 19.0
    },
    "accuracy": 0.74,
    "macro avg": {
      "precision": 0.7103772887454103,
      "recall": 0.49671206439872295,
      "f1-score": 0.5638625693555271,
      "support": 200.0
    },
    "weighted avg": {
      "precision": 0.7323953276325192,
      "recall": 0.74,
      "f1-score": 0.7190098164746052,
      "support": 200.0
    }
  }
}