{
  "model_name": "baseline_tfidf [test]",
  "n_samples": 5845,
  "macro_f1": 0.6632465085620523,
  "weighted_f1": 0.7186919976365603,
  "macro_precision": 0.6234442530221839,
  "macro_recall": 0.7221236849718846,
  "accuracy": 0.7093242087254064,
  "confusion_matrix": [
    [
      410,
      186,
      9,
      55,
      16
    ],
    [
      398,
      2607,
      89,
      371,
      195
    ],
    [
      8,
      17,
      199,
      20,
      1
    ],
    [
      56,
      171,
      10,
      383,
      29
    ],
    [
      12,
      38,
      3,
      15,
      547
    ]
  ],
  "labels_order": [
    "feat",
    "fix",
    "docs",
    "refactor",
    "test"
  ],
  "per_class": {
    "feat": {
      "precision": 0.4638009049773756,
      "recall": 0.606508875739645,
      "f1-score": 0.5256410256410257,
      "support": 676.0
    },
    "fix": {
      "precision": 0.8635309705200398,
      "recall": 0.7122950819672131,
      "f1-score": 0.7806557867944303,
      "support": 3660.0
    },
    "docs": {
      "precision": 0.6419354838709678,
      "recall": 0.8122448979591836,
      "f1-score": 0.7171171171171171,
      "support": 245.0
    },
    "refactor": {
      "precision": 0.4537914691943128,
      "recall": 0.5901386748844376,
      "f1-score": 0.5130609511051574,
      "support": 649.0
    },
    "test": {
      "precision": 0.6941624365482234,
      "recall": 0.8894308943089431,
      "f1-score": 0.7797576621525303,
      "support": 615.0
    },
    "accuracy": 0.7093242087254064,
    "macro avg": {
      "precision": 0.6234442530221839,
      "recall": 0.7221236849718846,
      "f1-score": 0.6632465085620523,
      "support": 5845.0
    },
    "weighted avg": {
      "precision": 0.7446958972456296,
      "recall": 0.7093242087254064,
      "f1-score": 0.7186919976365603,
      "support": 5845.0
    }
  }
}