{
  "model_name": "baseline_tfidf [val]",
  "n_samples": 5845,
  "macro_f1": 0.6508385393926397,
  "weighted_f1": 0.7162660364500689,
  "macro_precision": 0.6084441879953942,
  "macro_recall": 0.7156085164338754,
  "accuracy": 0.7071000855431994,
  "confusion_matrix": [
    [
      391,
      184,
      22,
      59,
      19
    ],
    [
      401,
      2613,
      108,
      332,
      207
    ],
    [
      13,
      26,
      196,
      8,
      2
    ],
    [
      75,
      155,
      15,
      376,
      28
    ],
    [
      8,
      38,
      2,
      10,
      557
    ]
  ],
  "labels_order": [
    "feat",
    "fix",
    "docs",
    "refactor",
    "test"
  ],
  "per_class": {
    "feat": {
      "precision": 0.4403153153153153,
      "recall": 0.5792592592592593,
      "f1-score": 0.5003198976327575,
      "support": 675.0
    },
    "fix": {
      "precision": 0.8663793103448276,
      "recall": 0.7137394154602568,
      "f1-score": 0.7826868354051221,
      "support": 3661.0
    },
    "docs": {
      "precision": 0.5714285714285714,
      "recall": 0.8,
      "f1-score": 0.6666666666666666,
      "support": 245.0
    },
    "refactor": {
      "precision": 0.4789808917197452,
      "recall": 0.5793528505392912,
      "f1-score": 0.5244072524407253,
      "support": 649.0
    },
    "test": {
      "precision": 0.6851168511685117,
      "recall": 0.9056910569105691,
      "f1-score": 0.7801120448179272,
      "support": 615.0
    },
    "accuracy": 0.7071000855431994,
    "macro avg": {
      "precision": 0.6084441879953942,
      "recall": 0.7156085164338754,
      "f1-score": 0.6508385393926397,
      "support": 5845.0
    },
    "weighted avg": {
      "precision": 0.7427259119255777,
      "recall": 0.7071000855431994,
      "f1-score": 0.7162660364500689,
      "support": 5845.0
    }
  }
}