{
  "model_name": "cnn_text [val]",
  "n_samples": 5845,
  "macro_f1": 0.59404473024508,
  "weighted_f1": 0.678610841848783,
  "macro_precision": 0.5526496803042126,
  "macro_recall": 0.672947141973214,
  "accuracy": 0.6672369546621043,
  "confusion_matrix": [
    [
      381,
      182,
      31,
      52,
      29
    ],
    [
      421,
      2479,
      202,
      275,
      284
    ],
    [
      14,
      28,
      188,
      9,
      6
    ],
    [
      60,
      175,
      24,
      347,
      43
    ],
    [
      14,
      67,
      13,
      16,
      505
    ]
  ],
  "labels_order": [
    "feat",
    "fix",
    "docs",
    "refactor",
    "test"
  ],
  "per_class": {
    "feat": {
      "precision": 0.4280898876404494,
      "recall": 0.5644444444444444,
      "f1-score": 0.48690095846645365,
      "support": 675.0
    },
    "fix": {
      "precision": 0.8457864210167179,
      "recall": 0.6771373941546026,
      "f1-score": 0.752123786407767,
      "support": 3661.0
    },
    "docs": {
      "precision": 0.4104803493449782,
      "recall": 0.7673469387755102,
      "f1-score": 0.534850640113798,
      "support": 245.0
    },
    "refactor": {
      "precision": 0.49642346208869814,
      "recall": 0.5346687211093991,
      "f1-score": 0.5148367952522255,
      "support": 649.0
    },
    "test": {
      "precision": 0.5824682814302191,
      "recall": 0.8211382113821138,
      "f1-score": 0.6815114709851552,
      "support": 615.0
    },
    "accuracy": 0.6672369546621043,
    "macro avg": {
      "precision": 0.5526496803042126,
      "recall": 0.672947141973214,
      "f1-score": 0.59404473024508,
      "support": 5845.0
    },
    "weighted avg": {
      "precision": 0.7128056915422031,
      "recall": 0.6672369546621043,
      "f1-score": 0.678610841848783,
      "support": 5845.0
    }
  }
}