{
  "model_name": "cnn_text [test]",
  "n_samples": 5845,
  "macro_f1": 0.5861000857373335,
  "weighted_f1": 0.6724352456187457,
  "macro_precision": 0.5436500260420575,
  "macro_recall": 0.6658985446810708,
  "accuracy": 0.6598802395209581,
  "confusion_matrix": [
    [
      376,
      185,
      24,
      61,
      30
    ],
    [
      387,
      2456,
      196,
      329,
      292
    ],
    [
      15,
      25,
      189,
      12,
      4
    ],
    [
      84,
      169,
      30,
      335,
      31
    ],
    [
      26,
      54,
      11,
      23,
      501
    ]
  ],
  "labels_order": [
    "feat",
    "fix",
    "docs",
    "refactor",
    "test"
  ],
  "per_class": {
    "feat": {
      "precision": 0.42342342342342343,
      "recall": 0.5562130177514792,
      "f1-score": 0.48081841432225064,
      "support": 676.0
    },
    "fix": {
      "precision": 0.8501211491865698,
      "recall": 0.6710382513661202,
      "f1-score": 0.7500381737669873,
      "support": 3660.0
    },
    "docs": {
      "precision": 0.42,
      "recall": 0.7714285714285715,
      "f1-score": 0.543884892086331,
      "support": 245.0
    },
    "refactor": {
      "precision": 0.4407894736842105,
      "recall": 0.5161787365177196,
      "f1-score": 0.4755145493257629,
      "support": 649.0
    },
    "test": {
      "precision": 0.583916083916084,
      "recall": 0.8146341463414634,
      "f1-score": 0.6802443991853361,
      "support": 615.0
    },
    "accuracy": 0.6598802395209581,
    "macro avg": {
      "precision": 0.5436500260420575,
      "recall": 0.6658985446810708,
      "f1-score": 0.5861000857373335,
      "support": 5845.0
    },
    "weighted avg": {
      "precision": 0.7092828743005173,
      "recall": 0.6598802395209581,
      "f1-score": 0.6724352456187457,
      "support": 5845.0
    }
  }
}