{
  "model_name": "codebert [test]",
  "n_samples": 5845,
  "macro_f1": 0.580017884097489,
  "weighted_f1": 0.6259286472609894,
  "macro_precision": 0.5343777860426103,
  "macro_recall": 0.700005737055788,
  "accuracy": 0.6088964927288281,
  "confusion_matrix": [
    [
      418,
      107,
      21,
      96,
      34
    ],
    [
      602,
      2005,
      162,
      585,
      306
    ],
    [
      19,
      9,
      210,
      4,
      3
    ],
    [
      113,
      121,
      31,
      340,
      44
    ],
    [
      5,
      14,
      5,
      5,
      586
    ]
  ],
  "labels_order": [
    "feat",
    "fix",
    "docs",
    "refactor",
    "test"
  ],
  "per_class": {
    "feat": {
      "precision": 0.3612791702679343,
      "recall": 0.6183431952662722,
      "f1-score": 0.45608292416803053,
      "support": 676.0
    },
    "fix": {
      "precision": 0.8887411347517731,
      "recall": 0.5478142076502732,
      "f1-score": 0.6778228532792427,
      "support": 3660.0
    },
    "docs": {
      "precision": 0.48951048951048953,
      "recall": 0.8571428571428571,
      "f1-score": 0.6231454005934718,
      "support": 245.0
    },
    "refactor": {
      "precision": 0.3300970873786408,
      "recall": 0.5238828967642527,
      "f1-score": 0.4050029779630733,
      "support": 649.0
    },
    "test": {
      "precision": 0.6022610483042138,
      "recall": 0.9528455284552846,
      "f1-score": 0.7380352644836272,
      "support": 615.0
    },
    "accuracy": 0.6088964927288281,
    "macro avg": {
      "precision": 0.5343777860426103,
      "recall": 0.700005737055788,
      "f1-score": 0.580017884097489,
      "support": 5845.0
    },
    "weighted avg": {
      "precision": 0.718831633300002,
      "recall": 0.6088964927288281,
      "f1-score": 0.6259286472609894,
      "support": 5845.0
    }
  }
}