{
  "model_name": "codebert [val]",
  "n_samples": 5845,
  "macro_f1": 0.5752131678073482,
  "weighted_f1": 0.6264035497422499,
  "macro_precision": 0.5281656486553284,
  "macro_recall": 0.6990044473191548,
  "accuracy": 0.6102651839178785,
  "confusion_matrix": [
    [
      397,
      127,
      34,
      88,
      29
    ],
    [
      602,
      2021,
      189,
      542,
      307
    ],
    [
      15,
      11,
      210,
      4,
      5
    ],
    [
      102,
      121,
      29,
      342,
      55
    ],
    [
      8,
      4,
      2,
      4,
      597
    ]
  ],
  "labels_order": [
    "feat",
    "fix",
    "docs",
    "refactor",
    "test"
  ],
  "per_class": {
    "feat": {
      "precision": 0.35320284697508897,
      "recall": 0.5881481481481482,
      "f1-score": 0.4413563090605892,
      "support": 675.0
    },
    "fix": {
      "precision": 0.8848511383537653,
      "recall": 0.5520349631248292,
      "f1-score": 0.6798990748528175,
      "support": 3661.0
    },
    "docs": {
      "precision": 0.4525862068965517,
      "recall": 0.8571428571428571,
      "f1-score": 0.5923836389280677,
      "support": 245.0
    },
    "refactor": {
      "precision": 0.3489795918367347,
      "recall": 0.5269645608628659,
      "f1-score": 0.4198895027624309,
      "support": 649.0
    },
    "test": {
      "precision": 0.6012084592145015,
      "recall": 0.9707317073170731,
      "f1-score": 0.7425373134328358,
      "support": 615.0
    },
    "accuracy": 0.6102651839178785,
    "macro avg": {
      "precision": 0.5281656486553284,
      "recall": 0.6990044473191548,
      "f1-score": 0.5752131678073482,
      "support": 5845.0
    },
    "weighted avg": {
      "precision": 0.715990849859698,
      "recall": 0.6102651839178785,
      "f1-score": 0.6264035497422499,
      "support": 5845.0
    }
  }
}