{
  "model_name": "distilbert [val]",
  "n_samples": 5845,
  "macro_f1": 0.5554583193416709,
  "weighted_f1": 0.6142197644471702,
  "macro_precision": 0.513332268728928,
  "macro_recall": 0.6843844673938386,
  "accuracy": 0.595038494439692,
  "confusion_matrix": [
    [
      382,
      114,
      36,
      116,
      27
    ],
    [
      569,
      1948,
      268,
      603,
      273
    ],
    [
      21,
      10,
      199,
      13,
      2
    ],
    [
      85,
      108,
      36,
      369,
      51
    ],
    [
      9,
      11,
      6,
      9,
      580
    ]
  ],
  "labels_order": [
    "feat",
    "fix",
    "docs",
    "refactor",
    "test"
  ],
  "per_class": {
    "feat": {
      "precision": 0.35834896810506567,
      "recall": 0.5659259259259259,
      "f1-score": 0.43882825962090755,
      "support": 675.0
    },
    "fix": {
      "precision": 0.8890917389319946,
      "recall": 0.5320950559956296,
      "f1-score": 0.6657552973342447,
      "support": 3661.0
    },
    "docs": {
      "precision": 0.3651376146788991,
      "recall": 0.8122448979591836,
      "f1-score": 0.5037974683544304,
      "support": 245.0
    },
    "refactor": {
      "precision": 0.3324324324324324,
      "recall": 0.5685670261941448,
      "f1-score": 0.41955656623081294,
      "support": 649.0
    },
    "test": {
      "precision": 0.6216505894962486,
      "recall": 0.943089430894309,
      "f1-score": 0.7493540051679587,
      "support": 615.0
    },
    "accuracy": 0.595038494439692,
    "macro avg": {
      "precision": 0.513332268728928,
      "recall": 0.6843844673938386,
      "f1-score": 0.5554583193416709,
      "support": 5845.0
    },
    "weighted avg": {
      "precision": 0.7158892876794052,
      "recall": 0.595038494439692,
      "f1-score": 0.6142197644471702,
      "support": 5845.0
    }
  }
}