{
  "model_name": "distilbert [test]",
  "n_samples": 5845,
  "macro_f1": 0.5514828712506208,
  "weighted_f1": 0.6056836319968196,
  "macro_precision": 0.5105637561991584,
  "macro_recall": 0.6820852725380473,
  "accuracy": 0.5857998289136014,
  "confusion_matrix": [
    [
      398,
      107,
      30,
      108,
      33
    ],
    [
      577,
      1905,
      253,
      652,
      273
    ],
    [
      18,
      6,
      207,
      13,
      1
    ],
    [
      100,
      108,
      44,
      351,
      46
    ],
    [
      15,
      20,
      9,
      8,
      563
    ]
  ],
  "labels_order": [
    "feat",
    "fix",
    "docs",
    "refactor",
    "test"
  ],
  "per_class": {
    "feat": {
      "precision": 0.3592057761732852,
      "recall": 0.5887573964497042,
      "f1-score": 0.4461883408071749,
      "support": 676.0
    },
    "fix": {
      "precision": 0.8876980428704566,
      "recall": 0.5204918032786885,
      "f1-score": 0.6562177058215639,
      "support": 3660.0
    },
    "docs": {
      "precision": 0.3812154696132597,
      "recall": 0.8448979591836735,
      "f1-score": 0.5253807106598984,
      "support": 245.0
    },
    "refactor": {
      "precision": 0.31007067137809186,
      "recall": 0.5408320493066255,
      "f1-score": 0.39416058394160586,
      "support": 649.0
    },
    "test": {
      "precision": 0.6146288209606987,
      "recall": 0.9154471544715447,
      "f1-score": 0.7354670150228608,
      "support": 615.0
    },
    "accuracy": 0.5857998289136014,
    "macro avg": {
      "precision": 0.5105637561991584,
      "recall": 0.6820852725380473,
      "f1-score": 0.5514828712506208,
      "support": 5845.0
    },
    "weighted avg": {
      "precision": 0.7124770440153074,
      "recall": 0.5857998289136014,
      "f1-score": 0.6056836319968196,
      "support": 5845.0
    }
  }
}