{
  "model_name": "ensemble [test]",
  "n_samples": 5845,
  "macro_f1": 0.6438283601728824,
  "weighted_f1": 0.700689429000227,
  "macro_precision": 0.5918539197150422,
  "macro_recall": 0.7409117716481856,
  "accuracy": 0.6896492728828059,
  "confusion_matrix": [
    [
      425,
      149,
      13,
      62,
      27
    ],
    [
      448,
      2427,
      142,
      383,
      260
    ],
    [
      13,
      10,
      215,
      6,
      1
    ],
    [
      71,
      130,
      28,
      379,
      41
    ],
    [
      5,
      14,
      3,
      8,
      585
    ]
  ],
  "labels_order": [
    "feat",
    "fix",
    "docs",
    "refactor",
    "test"
  ],
  "per_class": {
    "feat": {
      "precision": 0.4417879417879418,
      "recall": 0.628698224852071,
      "f1-score": 0.518925518925519,
      "support": 676.0
    },
    "fix": {
      "precision": 0.889010989010989,
      "recall": 0.6631147540983606,
      "f1-score": 0.7596244131455399,
      "support": 3660.0
    },
    "docs": {
      "precision": 0.5361596009975063,
      "recall": 0.8775510204081632,
      "f1-score": 0.6656346749226006,
      "support": 245.0
    },
    "refactor": {
      "precision": 0.4522673031026253,
      "recall": 0.5839753466872111,
      "f1-score": 0.5097511768661735,
      "support": 649.0
    },
    "test": {
      "precision": 0.6400437636761488,
      "recall": 0.9512195121951219,
      "f1-score": 0.7652060170045781,
      "support": 615.0
    },
    "accuracy": 0.6896492728828059,
    "macro avg": {
      "precision": 0.5918539197150422,
      "recall": 0.7409117716481856,
      "f1-score": 0.6438283601728824,
      "support": 5845.0
    },
    "weighted avg": {
      "precision": 0.7478077613426335,
      "recall": 0.6896492728828059,
      "f1-score": 0.700689429000227,
      "support": 5845.0
    }
  }
}