{
  "model_name": "ensemble [val]",
  "n_samples": 5845,
  "macro_f1": 0.6378819711699576,
  "weighted_f1": 0.7036643938848681,
  "macro_precision": 0.586445172502167,
  "macro_recall": 0.7373688647102863,
  "accuracy": 0.6930710008554319,
  "confusion_matrix": [
    [
      412,
      146,
      27,
      67,
      23
    ],
    [
      429,
      2457,
      168,
      334,
      273
    ],
    [
      12,
      17,
      210,
      3,
      3
    ],
    [
      68,
      129,
      26,
      379,
      47
    ],
    [
      5,
      11,
      4,
      2,
      593
    ]
  ],
  "labels_order": [
    "feat",
    "fix",
    "docs",
    "refactor",
    "test"
  ],
  "per_class": {
    "feat": {
      "precision": 0.4449244060475162,
      "recall": 0.6103703703703703,
      "f1-score": 0.5146783260462211,
      "support": 675.0
    },
    "fix": {
      "precision": 0.8902173913043478,
      "recall": 0.6711281070745698,
      "f1-score": 0.7653013549291388,
      "support": 3661.0
    },
    "docs": {
      "precision": 0.4827586206896552,
      "recall": 0.8571428571428571,
      "f1-score": 0.6176470588235294,
      "support": 245.0
    },
    "refactor": {
      "precision": 0.48280254777070064,
      "recall": 0.5839753466872111,
      "f1-score": 0.5285913528591353,
      "support": 649.0
    },
    "test": {
      "precision": 0.6315228966986155,
      "recall": 0.9642276422764228,
      "f1-score": 0.7631917631917632,
      "support": 615.0
    },
    "accuracy": 0.6930710008554319,
    "macro avg": {
      "precision": 0.586445172502167,
      "recall": 0.7373688647102863,
      "f1-score": 0.6378819711699576,
      "support": 5845.0
    },
    "weighted avg": {
      "precision": 0.7492576801863284,
      "recall": 0.6930710008554319,
      "f1-score": 0.7036643938848681,
      "support": 5845.0
    }
  }
}